source,case,CHM,protocol,original_time_start,original_time_end,elapsed_time_end,n_points,d_min,d_mean,d_max,png,pdf
continuation,CHM_0p17778,0.17777778,switched from locked chi_M = 0.15 at t = 200000 TU,200001,279999,79998,79999,52.291636,58.662623,66.609812,/media/xb/F963E8A1EEEE8BFC/liyang/li-gpu/BOTTOM FEEDBACK/phi_feedback/changeU/experiment2_pair_attractor/bifurcation_refine/analysis_outputs/post_bifurcation_distance_timeseries/chiM_0p17777778_centroid_distance_vs_time.png,/media/xb/F963E8A1EEEE8BFC/liyang/li-gpu/BOTTOM FEEDBACK/phi_feedback/changeU/experiment2_pair_attractor/bifurcation_refine/analysis_outputs/post_bifurcation_distance_timeseries/chiM_0p17777778_centroid_distance_vs_time.pdf
continuation,CHM_0p17889,0.17888889,switched from locked chi_M = 0.15 at t = 200000 TU,200001,279999,79998,79999,53.961981,59.598338,71.954073,/media/xb/F963E8A1EEEE8BFC/liyang/li-gpu/BOTTOM FEEDBACK/phi_feedback/changeU/experiment2_pair_attractor/bifurcation_refine/analysis_outputs/post_bifurcation_distance_timeseries/chiM_0p17888889_centroid_distance_vs_time.png,/media/xb/F963E8A1EEEE8BFC/liyang/li-gpu/BOTTOM FEEDBACK/phi_feedback/changeU/experiment2_pair_attractor/bifurcation_refine/analysis_outputs/post_bifurcation_distance_timeseries/chiM_0p17888889_centroid_distance_vs_time.pdf
baseline,CHM_018,0.18000000,independent fixed-D+ run from t = 0,0,199999,199999,200000,49.017001,68.011187,93.508862,/media/xb/F963E8A1EEEE8BFC/liyang/li-gpu/BOTTOM FEEDBACK/phi_feedback/changeU/experiment2_pair_attractor/bifurcation_refine/analysis_outputs/post_bifurcation_distance_timeseries/chiM_0p18_centroid_distance_vs_time.png,/media/xb/F963E8A1EEEE8BFC/liyang/li-gpu/BOTTOM FEEDBACK/phi_feedback/changeU/experiment2_pair_attractor/bifurcation_refine/analysis_outputs/post_bifurcation_distance_timeseries/chiM_0p18_centroid_distance_vs_time.pdf
supplement,CHM_0p181,0.18100000,switched from chi_M = 0.18 at t = 200000 TU,200001,239999,39998,39999,53.880839,79.573619,93.841522,/media/xb/F963E8A1EEEE8BFC/liyang/li-gpu/BOTTOM FEEDBACK/phi_feedback/changeU/experiment2_pair_attractor/bifurcation_refine/analysis_outputs/post_bifurcation_distance_timeseries/chiM_0p181_centroid_distance_vs_time.png,/media/xb/F963E8A1EEEE8BFC/liyang/li-gpu/BOTTOM FEEDBACK/phi_feedback/changeU/experiment2_pair_attractor/bifurcation_refine/analysis_outputs/post_bifurcation_distance_timeseries/chiM_0p181_centroid_distance_vs_time.pdf
supplement,CHM_0p1825,0.18250000,switched from chi_M = 0.18 at t = 200000 TU,200001,239999,39998,39999,53.881037,79.870054,94.200430,/media/xb/F963E8A1EEEE8BFC/liyang/li-gpu/BOTTOM FEEDBACK/phi_feedback/changeU/experiment2_pair_attractor/bifurcation_refine/analysis_outputs/post_bifurcation_distance_timeseries/chiM_0p1825_centroid_distance_vs_time.png,/media/xb/F963E8A1EEEE8BFC/liyang/li-gpu/BOTTOM FEEDBACK/phi_feedback/changeU/experiment2_pair_attractor/bifurcation_refine/analysis_outputs/post_bifurcation_distance_timeseries/chiM_0p1825_centroid_distance_vs_time.pdf
supplement,CHM_0p185,0.18500000,switched from chi_M = 0.18 at t = 200000 TU,200001,239999,39998,39999,53.881360,80.447020,95.147052,/media/xb/F963E8A1EEEE8BFC/liyang/li-gpu/BOTTOM FEEDBACK/phi_feedback/changeU/experiment2_pair_attractor/bifurcation_refine/analysis_outputs/post_bifurcation_distance_timeseries/chiM_0p185_centroid_distance_vs_time.png,/media/xb/F963E8A1EEEE8BFC/liyang/li-gpu/BOTTOM FEEDBACK/phi_feedback/changeU/experiment2_pair_attractor/bifurcation_refine/analysis_outputs/post_bifurcation_distance_timeseries/chiM_0p185_centroid_distance_vs_time.pdf
supplement,CHM_0p1875,0.18750000,switched from chi_M = 0.18 at t = 200000 TU,200001,239999,39998,39999,53.881716,80.872163,95.855285,/media/xb/F963E8A1EEEE8BFC/liyang/li-gpu/BOTTOM FEEDBACK/phi_feedback/changeU/experiment2_pair_attractor/bifurcation_refine/analysis_outputs/post_bifurcation_distance_timeseries/chiM_0p1875_centroid_distance_vs_time.png,/media/xb/F963E8A1EEEE8BFC/liyang/li-gpu/BOTTOM FEEDBACK/phi_feedback/changeU/experiment2_pair_attractor/bifurcation_refine/analysis_outputs/post_bifurcation_distance_timeseries/chiM_0p1875_centroid_distance_vs_time.pdf
supplement,CHM_0p19,0.19000000,switched from chi_M = 0.18 at t = 200000 TU,200001,239999,39998,39999,53.882061,81.438142,96.800069,/media/xb/F963E8A1EEEE8BFC/liyang/li-gpu/BOTTOM FEEDBACK/phi_feedback/changeU/experiment2_pair_attractor/bifurcation_refine/analysis_outputs/post_bifurcation_distance_timeseries/chiM_0p19_centroid_distance_vs_time.png,/media/xb/F963E8A1EEEE8BFC/liyang/li-gpu/BOTTOM FEEDBACK/phi_feedback/changeU/experiment2_pair_attractor/bifurcation_refine/analysis_outputs/post_bifurcation_distance_timeseries/chiM_0p19_centroid_distance_vs_time.pdf
supplement,CHM_0p195,0.19500000,switched from chi_M = 0.18 at t = 200000 TU,200001,239999,39998,39999,53.882751,82.373467,98.092755,/media/xb/F963E8A1EEEE8BFC/liyang/li-gpu/BOTTOM FEEDBACK/phi_feedback/changeU/experiment2_pair_attractor/bifurcation_refine/analysis_outputs/post_bifurcation_distance_timeseries/chiM_0p195_centroid_distance_vs_time.png,/media/xb/F963E8A1EEEE8BFC/liyang/li-gpu/BOTTOM FEEDBACK/phi_feedback/changeU/experiment2_pair_attractor/bifurcation_refine/analysis_outputs/post_bifurcation_distance_timeseries/chiM_0p195_centroid_distance_vs_time.pdf
baseline,CHM_020,0.20000000,independent fixed-D+ run from t = 0,0,199999,199999,200000,45.084032,67.393378,102.550838,/media/xb/F963E8A1EEEE8BFC/liyang/li-gpu/BOTTOM FEEDBACK/phi_feedback/changeU/experiment2_pair_attractor/bifurcation_refine/analysis_outputs/post_bifurcation_distance_timeseries/chiM_0p2_centroid_distance_vs_time.png,/media/xb/F963E8A1EEEE8BFC/liyang/li-gpu/BOTTOM FEEDBACK/phi_feedback/changeU/experiment2_pair_attractor/bifurcation_refine/analysis_outputs/post_bifurcation_distance_timeseries/chiM_0p2_centroid_distance_vs_time.pdf
supplement,CHM_0p205,0.20500000,switched from chi_M = 0.18 at t = 200000 TU,200001,239999,39998,39999,53.884187,84.326480,100.959847,/media/xb/F963E8A1EEEE8BFC/liyang/li-gpu/BOTTOM FEEDBACK/phi_feedback/changeU/experiment2_pair_attractor/bifurcation_refine/analysis_outputs/post_bifurcation_distance_timeseries/chiM_0p205_centroid_distance_vs_time.png,/media/xb/F963E8A1EEEE8BFC/liyang/li-gpu/BOTTOM FEEDBACK/phi_feedback/changeU/experiment2_pair_attractor/bifurcation_refine/analysis_outputs/post_bifurcation_distance_timeseries/chiM_0p205_centroid_distance_vs_time.pdf
supplement,CHM_0p215,0.21500000,switched from chi_M = 0.18 at t = 200000 TU,200001,239999,39998,39999,53.885667,86.224373,103.677382,/media/xb/F963E8A1EEEE8BFC/liyang/li-gpu/BOTTOM FEEDBACK/phi_feedback/changeU/experiment2_pair_attractor/bifurcation_refine/analysis_outputs/post_bifurcation_distance_timeseries/chiM_0p215_centroid_distance_vs_time.png,/media/xb/F963E8A1EEEE8BFC/liyang/li-gpu/BOTTOM FEEDBACK/phi_feedback/changeU/experiment2_pair_attractor/bifurcation_refine/analysis_outputs/post_bifurcation_distance_timeseries/chiM_0p215_centroid_distance_vs_time.pdf
supplement,CHM_0p22,0.22000000,switched from chi_M = 0.18 at t = 200000 TU,200001,239999,39998,39999,53.886428,87.346407,105.419963,/media/xb/F963E8A1EEEE8BFC/liyang/li-gpu/BOTTOM FEEDBACK/phi_feedback/changeU/experiment2_pair_attractor/bifurcation_refine/analysis_outputs/post_bifurcation_distance_timeseries/chiM_0p22_centroid_distance_vs_time.png,/media/xb/F963E8A1EEEE8BFC/liyang/li-gpu/BOTTOM FEEDBACK/phi_feedback/changeU/experiment2_pair_attractor/bifurcation_refine/analysis_outputs/post_bifurcation_distance_timeseries/chiM_0p22_centroid_distance_vs_time.pdf
baseline,CHM_023,0.23000000,independent fixed-D+ run from t = 0,0,199999,199999,200000,43.837178,62.104451,80.143283,/media/xb/F963E8A1EEEE8BFC/liyang/li-gpu/BOTTOM FEEDBACK/phi_feedback/changeU/experiment2_pair_attractor/bifurcation_refine/analysis_outputs/post_bifurcation_distance_timeseries/chiM_0p23_centroid_distance_vs_time.png,/media/xb/F963E8A1EEEE8BFC/liyang/li-gpu/BOTTOM FEEDBACK/phi_feedback/changeU/experiment2_pair_attractor/bifurcation_refine/analysis_outputs/post_bifurcation_distance_timeseries/chiM_0p23_centroid_distance_vs_time.pdf
supplement,CHM_0p24,0.24000000,switched from chi_M = 0.18 at t = 200000 TU,200001,239999,39998,39999,53.889591,91.781799,111.942605,/media/xb/F963E8A1EEEE8BFC/liyang/li-gpu/BOTTOM FEEDBACK/phi_feedback/changeU/experiment2_pair_attractor/bifurcation_refine/analysis_outputs/post_bifurcation_distance_timeseries/chiM_0p24_centroid_distance_vs_time.png,/media/xb/F963E8A1EEEE8BFC/liyang/li-gpu/BOTTOM FEEDBACK/phi_feedback/changeU/experiment2_pair_attractor/bifurcation_refine/analysis_outputs/post_bifurcation_distance_timeseries/chiM_0p24_centroid_distance_vs_time.pdf
baseline,CHM_025,0.25000000,independent fixed-D+ run from t = 0,0,199999,199999,200000,46.220790,92.359915,230.942944,/media/xb/F963E8A1EEEE8BFC/liyang/li-gpu/BOTTOM FEEDBACK/phi_feedback/changeU/experiment2_pair_attractor/bifurcation_refine/analysis_outputs/post_bifurcation_distance_timeseries/chiM_0p25_centroid_distance_vs_time.png,/media/xb/F963E8A1EEEE8BFC/liyang/li-gpu/BOTTOM FEEDBACK/phi_feedback/changeU/experiment2_pair_attractor/bifurcation_refine/analysis_outputs/post_bifurcation_distance_timeseries/chiM_0p25_centroid_distance_vs_time.pdf
supplement,CHM_0p26,0.26000000,switched from chi_M = 0.18 at t = 200000 TU,200001,239999,39998,39999,53.892940,96.216223,118.450847,/media/xb/F963E8A1EEEE8BFC/liyang/li-gpu/BOTTOM FEEDBACK/phi_feedback/changeU/experiment2_pair_attractor/bifurcation_refine/analysis_outputs/post_bifurcation_distance_timeseries/chiM_0p26_centroid_distance_vs_time.png,/media/xb/F963E8A1EEEE8BFC/liyang/li-gpu/BOTTOM FEEDBACK/phi_feedback/changeU/experiment2_pair_attractor/bifurcation_refine/analysis_outputs/post_bifurcation_distance_timeseries/chiM_0p26_centroid_distance_vs_time.pdf
baseline,CHM_028,0.28000000,independent fixed-D+ run from t = 0,0,199999,199999,200000,47.140324,68.674492,130.071564,/media/xb/F963E8A1EEEE8BFC/liyang/li-gpu/BOTTOM FEEDBACK/phi_feedback/changeU/experiment2_pair_attractor/bifurcation_refine/analysis_outputs/post_bifurcation_distance_timeseries/chiM_0p28_centroid_distance_vs_time.png,/media/xb/F963E8A1EEEE8BFC/liyang/li-gpu/BOTTOM FEEDBACK/phi_feedback/changeU/experiment2_pair_attractor/bifurcation_refine/analysis_outputs/post_bifurcation_distance_timeseries/chiM_0p28_centroid_distance_vs_time.pdf
supplement,CHM_0p29,0.29000000,switched from chi_M = 0.18 at t = 200000 TU,200001,239999,39998,39999,53.898631,102.832855,128.154662,/media/xb/F963E8A1EEEE8BFC/liyang/li-gpu/BOTTOM FEEDBACK/phi_feedback/changeU/experiment2_pair_attractor/bifurcation_refine/analysis_outputs/post_bifurcation_distance_timeseries/chiM_0p29_centroid_distance_vs_time.png,/media/xb/F963E8A1EEEE8BFC/liyang/li-gpu/BOTTOM FEEDBACK/phi_feedback/changeU/experiment2_pair_attractor/bifurcation_refine/analysis_outputs/post_bifurcation_distance_timeseries/chiM_0p29_centroid_distance_vs_time.pdf
baseline,CHM_030,0.30000000,independent fixed-D+ run from t = 0,0,199999,199999,200000,47.008398,93.650400,136.975423,/media/xb/F963E8A1EEEE8BFC/liyang/li-gpu/BOTTOM FEEDBACK/phi_feedback/changeU/experiment2_pair_attractor/bifurcation_refine/analysis_outputs/post_bifurcation_distance_timeseries/chiM_0p3_centroid_distance_vs_time.png,/media/xb/F963E8A1EEEE8BFC/liyang/li-gpu/BOTTOM FEEDBACK/phi_feedback/changeU/experiment2_pair_attractor/bifurcation_refine/analysis_outputs/post_bifurcation_distance_timeseries/chiM_0p3_centroid_distance_vs_time.pdf
