source,case,CHM,path,n,final_time,latest_snapshot_tu,late_start_time,d_mean,d_std,d_min,d_max,d_p05,d_p95,d_amp90,bound_fraction,contact_fraction,slope_per_100k,state,decision,basis
baseline,CHM_000,0.00000000,/media/xb/F963E8A1EEEE8BFC/liyang/li-gpu/BOTTOM FEEDBACK/phi_feedback/changeU/experiment2_pair_attractor/sweep_long_d60_fixed_120M/CHM_000,120000,119999,120000,90000,71.767088,0.061297,71.615739,71.870434,71.623972,71.861760,0.237788,0.000000,0.000000,0.569605,unbound,unbound,last 25% of trajectory before t < 120000
baseline,CHM_00025,0.00250000,/media/xb/F963E8A1EEEE8BFC/liyang/li-gpu/BOTTOM FEEDBACK/phi_feedback/changeU/experiment2_pair_attractor/sweep_long_d60_fixed_120M/CHM_00025,120000,119999,120000,90000,71.852960,0.059240,71.699322,71.956427,71.715790,71.946005,0.230215,0.000000,0.000000,0.546568,unbound,unbound,last 25% of trajectory before t < 120000
baseline,CHM_0005,0.00500000,/media/xb/F963E8A1EEEE8BFC/liyang/li-gpu/BOTTOM FEEDBACK/phi_feedback/changeU/experiment2_pair_attractor/sweep_long_d60_fixed_120M/CHM_0005,120000,119999,120000,90000,71.937624,0.058375,71.776253,72.044064,71.807303,72.032407,0.225104,0.000000,0.000000,0.530515,unbound,unbound,last 25% of trajectory before t < 120000
baseline,CHM_001,0.01000000,/media/xb/F963E8A1EEEE8BFC/liyang/li-gpu/BOTTOM FEEDBACK/phi_feedback/changeU/experiment2_pair_attractor/sweep_long_d60_fixed_120M/CHM_001,120000,119999,120000,90000,72.104933,0.055964,71.937142,72.215071,72.015800,72.201122,0.185321,0.000000,0.000000,0.488268,unbound,unbound,last 25% of trajectory before t < 120000
baseline,CHM_003,0.03000000,/media/xb/F963E8A1EEEE8BFC/liyang/li-gpu/BOTTOM FEEDBACK/phi_feedback/changeU/experiment2_pair_attractor/sweep_long_d60_fixed_120M/CHM_003,120000,119999,120000,90000,72.840117,0.051220,72.736124,72.945795,72.759632,72.932577,0.172946,0.000000,0.000000,0.314902,unbound,unbound,last 25% of trajectory before t < 120000
baseline,CHM_005,0.05000000,/media/xb/F963E8A1EEEE8BFC/liyang/li-gpu/BOTTOM FEEDBACK/phi_feedback/changeU/experiment2_pair_attractor/sweep_long_d60_fixed_120M/CHM_005,120000,119999,120000,90000,53.046301,1.360598,51.361230,55.212324,51.387146,55.154549,3.767403,1.000000,1.000000,0.010006,locked,locked rotating pair,last 25% of trajectory before t < 120000
baseline,CHM_008,0.08000000,/media/xb/F963E8A1EEEE8BFC/liyang/li-gpu/BOTTOM FEEDBACK/phi_feedback/changeU/experiment2_pair_attractor/sweep_long_d60_fixed_120M/CHM_008,120000,119999,120000,90000,53.050418,1.384621,51.348959,55.301694,51.383672,55.197368,3.813696,1.000000,1.000000,0.063550,locked,locked rotating pair,last 25% of trajectory before t < 120000
baseline,CHM_010,0.10000000,/media/xb/F963E8A1EEEE8BFC/liyang/li-gpu/BOTTOM FEEDBACK/phi_feedback/changeU/experiment2_pair_attractor/sweep_long_d60_fixed_120M/CHM_010,120000,119999,120000,90000,49.858260,2.040464,42.422148,53.240448,46.077833,52.647150,6.569317,1.000000,1.000000,-0.877986,locked,locked rotating pair,last 25% of trajectory before t < 120000
baseline,CHM_015,0.15000000,/media/xb/F963E8A1EEEE8BFC/liyang/li-gpu/BOTTOM FEEDBACK/phi_feedback/changeU/experiment2_pair_attractor/sweep_long_d60_fixed_120M/CHM_015,200000,199999,200000,150000,55.643337,1.526122,53.543729,58.179180,53.796539,57.992341,4.195801,1.000000,0.587540,0.361490,locked,locked rotating pair,last 25% of trajectory before t < 200000
continuation,CHM_0p16,0.16000000,/media/xb/F963E8A1EEEE8BFC/liyang/li-gpu/BOTTOM FEEDBACK/phi_feedback/changeU/experiment2_pair_attractor/bifurcation_refine/continuation_runs/CHM_0p16,80000,279999,280000,260000,56.556780,1.549113,54.366313,59.349694,54.621822,58.902987,4.281165,1.000000,0.460600,-0.893882,locked,locked,last 25% of trajectory after t >= 200000
continuation,CHM_0p16667,0.16666667,/media/xb/F963E8A1EEEE8BFC/liyang/li-gpu/BOTTOM FEEDBACK/phi_feedback/changeU/experiment2_pair_attractor/bifurcation_refine/continuation_runs/CHM_0p16667,40000,239999,240000,230000,57.107555,1.564497,54.653664,59.856016,55.047285,59.588387,4.541101,1.000000,0.355800,-0.452563,locked,,last 25% of trajectory after t >= 200000
continuation,CHM_0p17,0.17000000,/media/xb/F963E8A1EEEE8BFC/liyang/li-gpu/BOTTOM FEEDBACK/phi_feedback/changeU/experiment2_pair_attractor/bifurcation_refine/continuation_runs/CHM_0p17,80000,279999,280000,260000,57.287848,1.553159,54.798857,60.214007,55.166140,59.745303,4.579164,0.986250,0.293700,-0.020834,locked,locked,last 25% of trajectory after t >= 200000
continuation,CHM_0p17333,0.17333333,/media/xb/F963E8A1EEEE8BFC/liyang/li-gpu/BOTTOM FEEDBACK/phi_feedback/changeU/experiment2_pair_attractor/bifurcation_refine/continuation_runs/CHM_0p17333,80000,279999,280000,260000,57.896911,1.267074,55.971096,61.492222,56.175638,59.881864,3.706226,0.957750,0.004450,6.888275,locked,locked,last 25% of trajectory after t >= 200000
continuation,CHM_0p17556,0.17555555,/media/xb/F963E8A1EEEE8BFC/liyang/li-gpu/BOTTOM FEEDBACK/phi_feedback/changeU/experiment2_pair_attractor/bifurcation_refine/continuation_runs/CHM_0p17556,40000,239999,240000,230000,57.392283,1.636827,54.734276,60.605789,55.027101,60.150399,5.123299,0.933300,0.241600,-15.969418,locked,,last 25% of trajectory after t >= 200000
continuation,CHM_0p17667,0.17666667,/media/xb/F963E8A1EEEE8BFC/liyang/li-gpu/BOTTOM FEEDBACK/phi_feedback/changeU/experiment2_pair_attractor/bifurcation_refine/continuation_runs/CHM_0p17667,80000,279999,280000,260000,57.589250,1.387850,55.493758,60.199801,55.739830,59.760804,4.020975,0.989150,0.132600,0.180498,locked,locked,last 25% of trajectory after t >= 200000
continuation,CHM_0p17704,0.17703704,/media/xb/F963E8A1EEEE8BFC/liyang/li-gpu/BOTTOM FEEDBACK/phi_feedback/changeU/experiment2_pair_attractor/bifurcation_refine/continuation_runs/CHM_0p17704,80000,279999,280000,260000,57.522711,1.543449,55.218495,60.244109,55.494415,59.902920,4.408505,0.978100,0.232400,-0.733871,locked,,last 25% of trajectory after t >= 200000
continuation,CHM_0p1772,0.17720000,/media/xb/F963E8A1EEEE8BFC/liyang/li-gpu/BOTTOM FEEDBACK/phi_feedback/changeU/experiment2_pair_attractor/bifurcation_refine/continuation_runs/CHM_0p1772,80000,279999,280000,260000,62.340034,3.502848,56.299788,68.932649,56.859663,67.136855,10.277192,0.341550,0.000000,58.552635,nonlinear,,last 25% of trajectory after t >= 200000
continuation,CHM_0p17741,0.17740741,/media/xb/F963E8A1EEEE8BFC/liyang/li-gpu/BOTTOM FEEDBACK/phi_feedback/changeU/experiment2_pair_attractor/bifurcation_refine/continuation_runs/CHM_0p17741,80000,279999,280000,260000,61.189183,3.676649,55.786300,68.051960,56.082056,67.015115,10.933059,0.477350,0.038050,59.504593,nonlinear,,last 25% of trajectory after t >= 200000
continuation,CHM_0p1775,0.17750000,/media/xb/F963E8A1EEEE8BFC/liyang/li-gpu/BOTTOM FEEDBACK/phi_feedback/changeU/experiment2_pair_attractor/bifurcation_refine/continuation_runs/CHM_0p1775,80000,279999,280000,260000,58.136734,1.961112,54.953914,64.298715,55.443196,62.071627,6.628431,0.852600,0.119000,16.603301,transition,,last 25% of trajectory after t >= 200000
continuation,CHM_0p1776,0.17760000,/media/xb/F963E8A1EEEE8BFC/liyang/li-gpu/BOTTOM FEEDBACK/phi_feedback/changeU/experiment2_pair_attractor/bifurcation_refine/continuation_runs/CHM_0p1776,80000,279999,280000,260000,58.226188,1.544259,55.775217,63.022018,56.165099,61.162580,4.997481,0.882250,0.029100,15.344390,transition,,last 25% of trajectory after t >= 200000
continuation,CHM_0p1777,0.17770000,/media/xb/F963E8A1EEEE8BFC/liyang/li-gpu/BOTTOM FEEDBACK/phi_feedback/changeU/experiment2_pair_attractor/bifurcation_refine/continuation_runs/CHM_0p1777,80000,279999,280000,260000,57.597985,1.420000,55.618567,60.209713,55.820502,59.818965,3.998463,0.984800,0.147600,-1.123839,locked,,last 25% of trajectory after t >= 200000
continuation,CHM_0p17778,0.17777778,/media/xb/F963E8A1EEEE8BFC/liyang/li-gpu/BOTTOM FEEDBACK/phi_feedback/changeU/experiment2_pair_attractor/bifurcation_refine/continuation_runs/CHM_0p17778,80000,279999,280000,260000,59.932887,3.966034,52.291636,66.609812,53.661258,66.047024,12.385766,0.527950,0.187550,-23.412788,nonlinear,nonlinear,last 25% of trajectory after t >= 200000
continuation,CHM_0p17889,0.17888889,/media/xb/F963E8A1EEEE8BFC/liyang/li-gpu/BOTTOM FEEDBACK/phi_feedback/changeU/experiment2_pair_attractor/bifurcation_refine/continuation_runs/CHM_0p17889,80000,279999,280000,260000,65.662597,3.609437,57.676169,71.954073,59.218828,70.917770,11.698942,0.090100,0.000000,60.757676,nonlinear,nonlinear,last 25% of trajectory after t >= 200000
baseline,CHM_018,0.18000000,/media/xb/F963E8A1EEEE8BFC/liyang/li-gpu/BOTTOM FEEDBACK/phi_feedback/changeU/experiment2_pair_attractor/sweep_long_d60_fixed_120M/CHM_018,200000,199999,200000,150000,76.133271,14.036841,51.627547,93.161580,52.530830,91.872285,39.341456,0.222220,0.170840,-83.551728,nonlinear,unbound,last 25% of trajectory before t < 200000
supplement,CHM_0p181,0.18100000,/media/xb/F963E8A1EEEE8BFC/liyang/li-gpu/BOTTOM FEEDBACK/phi_feedback/changeU/experiment2_pair_attractor/bifurcation_refine/supplement_runs/CHM_0p181,40000,239999,240000,230000,89.428500,2.553301,83.249079,93.823473,84.769794,93.200967,8.431173,0.000000,0.000000,-78.816406,nonlinear,,last 25% of trajectory after t >= 200000
supplement,CHM_0p1825,0.18250000,/media/xb/F963E8A1EEEE8BFC/liyang/li-gpu/BOTTOM FEEDBACK/phi_feedback/changeU/experiment2_pair_attractor/bifurcation_refine/supplement_runs/CHM_0p1825,40000,239999,240000,230000,89.873053,2.534769,83.700549,94.191141,85.220707,93.579914,8.359207,0.000000,0.000000,-78.036167,nonlinear,,last 25% of trajectory after t >= 200000
supplement,CHM_0p185,0.18500000,/media/xb/F963E8A1EEEE8BFC/liyang/li-gpu/BOTTOM FEEDBACK/phi_feedback/changeU/experiment2_pair_attractor/bifurcation_refine/supplement_runs/CHM_0p185,40000,239999,240000,230000,90.908388,2.495753,84.806926,95.144748,86.322015,94.575867,8.253852,0.000000,0.000000,-76.788638,nonlinear,,last 25% of trajectory after t >= 200000
supplement,CHM_0p1875,0.18750000,/media/xb/F963E8A1EEEE8BFC/liyang/li-gpu/BOTTOM FEEDBACK/phi_feedback/changeU/experiment2_pair_attractor/bifurcation_refine/supplement_runs/CHM_0p1875,40000,239999,240000,230000,91.432622,2.627610,85.092778,95.846199,86.605975,95.248232,8.642257,0.000000,0.000000,-81.788193,nonlinear,,last 25% of trajectory after t >= 200000
supplement,CHM_0p19,0.19000000,/media/xb/F963E8A1EEEE8BFC/liyang/li-gpu/BOTTOM FEEDBACK/phi_feedback/changeU/experiment2_pair_attractor/bifurcation_refine/supplement_runs/CHM_0p19,40000,239999,240000,230000,92.316216,2.666163,85.920506,96.793842,87.428361,96.168837,8.740477,0.000000,0.000000,-83.480830,nonlinear,,last 25% of trajectory after t >= 200000
supplement,CHM_0p195,0.19500000,/media/xb/F963E8A1EEEE8BFC/liyang/li-gpu/BOTTOM FEEDBACK/phi_feedback/changeU/experiment2_pair_attractor/bifurcation_refine/supplement_runs/CHM_0p195,40000,239999,240000,230000,93.809398,2.593979,87.533513,98.092157,89.054499,97.538372,8.483873,0.000000,0.000000,-80.854178,nonlinear,,last 25% of trajectory after t >= 200000
baseline,CHM_020,0.20000000,/media/xb/F963E8A1EEEE8BFC/liyang/li-gpu/BOTTOM FEEDBACK/phi_feedback/changeU/experiment2_pair_attractor/sweep_long_d60_fixed_120M/CHM_020,200000,199999,200000,150000,74.644021,16.542585,45.084032,100.846210,49.172349,98.290077,49.117727,0.259660,0.186680,-11.306048,nonlinear,unbound,last 25% of trajectory before t < 200000
supplement,CHM_0p205,0.20500000,/media/xb/F963E8A1EEEE8BFC/liyang/li-gpu/BOTTOM FEEDBACK/phi_feedback/changeU/experiment2_pair_attractor/bifurcation_refine/supplement_runs/CHM_0p205,40000,239999,240000,230000,96.539833,2.671345,90.055162,100.959847,91.666107,100.366854,8.700747,0.000000,0.000000,-84.393606,nonlinear,,last 25% of trajectory after t >= 200000
supplement,CHM_0p215,0.21500000,/media/xb/F963E8A1EEEE8BFC/liyang/li-gpu/BOTTOM FEEDBACK/phi_feedback/changeU/experiment2_pair_attractor/bifurcation_refine/supplement_runs/CHM_0p215,40000,239999,240000,230000,99.352984,2.698346,92.733729,103.677382,94.385831,103.136254,8.750423,0.000000,0.000000,-85.596283,nonlinear,,last 25% of trajectory after t >= 200000
supplement,CHM_0p22,0.22000000,/media/xb/F963E8A1EEEE8BFC/liyang/li-gpu/BOTTOM FEEDBACK/phi_feedback/changeU/experiment2_pair_attractor/bifurcation_refine/supplement_runs/CHM_0p22,40000,239999,240000,230000,100.812199,2.924779,93.763227,105.419963,95.474573,104.837217,9.362644,0.000000,0.000000,-93.869704,nonlinear,,last 25% of trajectory after t >= 200000
baseline,CHM_023,0.23000000,/media/xb/F963E8A1EEEE8BFC/liyang/li-gpu/BOTTOM FEEDBACK/phi_feedback/changeU/experiment2_pair_attractor/sweep_long_d60_fixed_120M/CHM_023,200000,199999,200000,150000,50.649635,2.671028,43.837178,57.260677,46.391199,55.520754,9.129555,1.000000,0.974700,7.444861,nonlinear,strong nonlinear pair,last 25% of trajectory before t < 200000
supplement,CHM_0p24,0.24000000,/media/xb/F963E8A1EEEE8BFC/liyang/li-gpu/BOTTOM FEEDBACK/phi_feedback/changeU/experiment2_pair_attractor/bifurcation_refine/supplement_runs/CHM_0p24,40000,239999,240000,230000,107.226453,3.081152,99.634812,111.942605,101.532797,111.371074,9.838277,0.000000,0.000000,-99.728478,nonlinear,,last 25% of trajectory after t >= 200000
baseline,CHM_025,0.25000000,/media/xb/F963E8A1EEEE8BFC/liyang/li-gpu/BOTTOM FEEDBACK/phi_feedback/changeU/experiment2_pair_attractor/sweep_long_d60_fixed_120M/CHM_025,200000,199999,200000,150000,91.426532,53.241030,46.220790,215.143668,48.947316,202.119202,153.171885,0.577160,0.393460,-315.917071,nonlinear,unbound,last 25% of trajectory before t < 200000
supplement,CHM_0p26,0.26000000,/media/xb/F963E8A1EEEE8BFC/liyang/li-gpu/BOTTOM FEEDBACK/phi_feedback/changeU/experiment2_pair_attractor/bifurcation_refine/supplement_runs/CHM_0p26,40000,239999,240000,230000,113.015443,3.609443,104.284340,118.450176,106.326660,117.719841,11.393180,0.000000,0.000000,-118.610214,nonlinear,,last 25% of trajectory after t >= 200000
baseline,CHM_028,0.28000000,/media/xb/F963E8A1EEEE8BFC/liyang/li-gpu/BOTTOM FEEDBACK/phi_feedback/changeU/experiment2_pair_attractor/sweep_long_d60_fixed_120M/CHM_028,200000,199999,200000,150000,68.162278,17.184481,48.243017,106.612034,49.559557,105.471149,55.911593,0.574240,0.195360,98.021734,nonlinear,unbound,last 25% of trajectory before t < 200000
supplement,CHM_0p29,0.29000000,/media/xb/F963E8A1EEEE8BFC/liyang/li-gpu/BOTTOM FEEDBACK/phi_feedback/changeU/experiment2_pair_attractor/bifurcation_refine/supplement_runs/CHM_0p29,40000,239999,240000,230000,121.391934,4.539029,110.810749,128.062012,113.079487,127.172824,14.093337,0.000000,0.000000,-151.222778,nonlinear,,last 25% of trajectory after t >= 200000
baseline,CHM_030,0.30000000,/media/xb/F963E8A1EEEE8BFC/liyang/li-gpu/BOTTOM FEEDBACK/phi_feedback/changeU/experiment2_pair_attractor/sweep_long_d60_fixed_120M/CHM_030,200000,199999,294000,150000,106.182973,25.311096,54.826272,136.832810,59.356442,136.219331,76.862889,0.055220,0.012140,-64.630495,nonlinear,unbound,last 25% of trajectory before t < 200000
