role,source,case,CHM,window_start,window_end,n_max,n_min,d_max_mean,d_max_std,d_min_mean,d_min_std,max_times,min_times,adequacy
connected_branch,baseline,CHM_018,0.18000000,100000,200000,2,2,91.710936,0.180554,52.641296,0.028442,100015;164889,132726;197417,multi-extrema
connected_branch,supplement,CHM_0p181,0.18100000,200001,240000,1,1,92.219454,0.000000,54.986213,0.000000,229516,200001,provisional N=1
connected_branch,supplement,CHM_0p1825,0.18250000,200001,240000,1,1,92.596036,0.000000,54.990137,0.000000,229604,200001,provisional N=1
connected_branch,supplement,CHM_0p185,0.18500000,200001,240000,1,1,93.560425,0.000000,54.996630,0.000000,229720,200001,provisional N=1
connected_branch,supplement,CHM_0p1875,0.18750000,200001,240000,1,1,94.283866,0.000000,55.003351,0.000000,229775,200001,provisional N=1
connected_branch,supplement,CHM_0p19,0.19000000,200001,240000,1,1,95.246126,0.000000,55.009900,0.000000,229769,200001,provisional N=1
connected_branch,supplement,CHM_0p195,0.19500000,200001,240000,1,1,96.566576,0.000000,55.024041,0.000000,229725,200001,provisional N=1
independent_validation,baseline,CHM_020,0.20000000,100000,200000,1,2,102.202806,0.000000,46.145490,0.667987,145237,113110;175648,provisional N=1
connected_branch,supplement,CHM_0p205,0.20500000,200001,240000,1,1,99.481383,0.000000,55.052897,0.000000,229945,200001,provisional N=1
connected_branch,supplement,CHM_0p215,0.21500000,200001,240000,1,1,102.279500,0.000000,55.082176,0.000000,230073,200001,provisional N=1
connected_branch,supplement,CHM_0p22,0.22000000,200001,240000,1,1,104.024611,0.000000,55.097654,0.000000,230060,200001,provisional N=1
connected_branch,supplement,CHM_0p24,0.24000000,200001,240000,1,1,110.648141,0.000000,55.160665,0.000000,230041,200001,provisional N=1
connected_branch,supplement,CHM_0p26,0.26000000,200001,240000,1,1,117.228888,0.000000,55.227834,0.000000,229808,200001,provisional N=1
connected_branch,supplement,CHM_0p29,0.29000000,200001,240000,1,1,127.024084,0.000000,55.333260,0.000000,229125,200001,provisional N=1
connected_branch,baseline,CHM_030,0.30000000,100000,200000,2,1,136.195511,0.369683,53.325413,0.000000,107826;172075,138371,provisional N=1
