case,CHM,seed_tu,path
CHM_0p16,0.16000000,200000,/media/xb/F963E8A1EEEE8BFC/liyang/li-gpu/BOTTOM FEEDBACK/phi_feedback/changeU/experiment2_pair_attractor/bifurcation_refine/continuation_runs/CHM_0p16
CHM_0p16667,0.16666667,200000,/media/xb/F963E8A1EEEE8BFC/liyang/li-gpu/BOTTOM FEEDBACK/phi_feedback/changeU/experiment2_pair_attractor/bifurcation_refine/continuation_runs/CHM_0p16667
CHM_0p17,0.17000000,200000,/media/xb/F963E8A1EEEE8BFC/liyang/li-gpu/BOTTOM FEEDBACK/phi_feedback/changeU/experiment2_pair_attractor/bifurcation_refine/continuation_runs/CHM_0p17
CHM_0p17333,0.17333333,200000,/media/xb/F963E8A1EEEE8BFC/liyang/li-gpu/BOTTOM FEEDBACK/phi_feedback/changeU/experiment2_pair_attractor/bifurcation_refine/continuation_runs/CHM_0p17333
CHM_0p17556,0.17555555,200000,/media/xb/F963E8A1EEEE8BFC/liyang/li-gpu/BOTTOM FEEDBACK/phi_feedback/changeU/experiment2_pair_attractor/bifurcation_refine/continuation_runs/CHM_0p17556
CHM_0p17667,0.17666667,200000,/media/xb/F963E8A1EEEE8BFC/liyang/li-gpu/BOTTOM FEEDBACK/phi_feedback/changeU/experiment2_pair_attractor/bifurcation_refine/continuation_runs/CHM_0p17667
CHM_0p17704,0.17703704,200000,/media/xb/F963E8A1EEEE8BFC/liyang/li-gpu/BOTTOM FEEDBACK/phi_feedback/changeU/experiment2_pair_attractor/bifurcation_refine/continuation_runs/CHM_0p17704
CHM_0p17741,0.17740741,200000,/media/xb/F963E8A1EEEE8BFC/liyang/li-gpu/BOTTOM FEEDBACK/phi_feedback/changeU/experiment2_pair_attractor/bifurcation_refine/continuation_runs/CHM_0p17741
CHM_0p17778,0.17777778,200000,/media/xb/F963E8A1EEEE8BFC/liyang/li-gpu/BOTTOM FEEDBACK/phi_feedback/changeU/experiment2_pair_attractor/bifurcation_refine/continuation_runs/CHM_0p17778
CHM_0p17889,0.17888889,200000,/media/xb/F963E8A1EEEE8BFC/liyang/li-gpu/BOTTOM FEEDBACK/phi_feedback/changeU/experiment2_pair_attractor/bifurcation_refine/continuation_runs/CHM_0p17889
