case,CHM,seed_tu,final_target,latest_snapshot_tu,post_seed_rows,d_mean,d_std,d_amp90,bound_fraction,decision,run_status,gpu,path
CHM_0p16,0.16000000,200000,280000,280000,80000,56.556780,1.549113,4.281165,1.000000,locked,complete_to_280000,0,/media/xb/F963E8A1EEEE8BFC/liyang/li-gpu/BOTTOM FEEDBACK/phi_feedback/changeU/experiment2_pair_attractor/bifurcation_refine/continuation_runs/CHM_0p16
CHM_0p16667,0.16666667,200000,280000,240000,40000,57.107555,1.564497,4.541101,1.000000,,complete_to_240000,0,/media/xb/F963E8A1EEEE8BFC/liyang/li-gpu/BOTTOM FEEDBACK/phi_feedback/changeU/experiment2_pair_attractor/bifurcation_refine/continuation_runs/CHM_0p16667
CHM_0p17,0.17000000,200000,280000,280000,80000,57.287848,1.553159,4.579164,0.986250,locked,complete_to_280000,1,/media/xb/F963E8A1EEEE8BFC/liyang/li-gpu/BOTTOM FEEDBACK/phi_feedback/changeU/experiment2_pair_attractor/bifurcation_refine/continuation_runs/CHM_0p17
CHM_0p17333,0.17333333,200000,280000,280000,80000,57.896911,1.267074,3.706226,0.957750,locked,complete_to_280000,1,/media/xb/F963E8A1EEEE8BFC/liyang/li-gpu/BOTTOM FEEDBACK/phi_feedback/changeU/experiment2_pair_attractor/bifurcation_refine/continuation_runs/CHM_0p17333
CHM_0p17556,0.17555555,200000,280000,240000,40000,57.392283,1.636827,5.123299,0.933300,,complete_to_240000,1,/media/xb/F963E8A1EEEE8BFC/liyang/li-gpu/BOTTOM FEEDBACK/phi_feedback/changeU/experiment2_pair_attractor/bifurcation_refine/continuation_runs/CHM_0p17556
CHM_0p17667,0.17666667,200000,280000,280000,80000,57.589250,1.387850,4.020975,0.989150,locked,complete_to_280000,0,/media/xb/F963E8A1EEEE8BFC/liyang/li-gpu/BOTTOM FEEDBACK/phi_feedback/changeU/experiment2_pair_attractor/bifurcation_refine/continuation_runs/CHM_0p17667
CHM_0p17704,0.17703704,200000,280000,243000,43000,57.625888,1.542710,4.279201,0.958233,,running_to_280000,0,/media/xb/F963E8A1EEEE8BFC/liyang/li-gpu/BOTTOM FEEDBACK/phi_feedback/changeU/experiment2_pair_attractor/bifurcation_refine/continuation_runs/CHM_0p17704
CHM_0p17741,0.17740741,200000,280000,243000,43000,57.334603,1.546872,4.231749,1.000000,,running_to_280000,1,/media/xb/F963E8A1EEEE8BFC/liyang/li-gpu/BOTTOM FEEDBACK/phi_feedback/changeU/experiment2_pair_attractor/bifurcation_refine/continuation_runs/CHM_0p17741
CHM_0p17778,0.17777778,200000,280000,280000,80000,59.932887,3.966034,12.385766,0.527950,nonlinear,complete_to_280000,0,/media/xb/F963E8A1EEEE8BFC/liyang/li-gpu/BOTTOM FEEDBACK/phi_feedback/changeU/experiment2_pair_attractor/bifurcation_refine/continuation_runs/CHM_0p17778
CHM_0p17889,0.17888889,200000,280000,280000,80000,65.662597,3.609437,11.698942,0.090100,nonlinear,complete_to_280000,1,/media/xb/F963E8A1EEEE8BFC/liyang/li-gpu/BOTTOM FEEDBACK/phi_feedback/changeU/experiment2_pair_attractor/bifurcation_refine/continuation_runs/CHM_0p17889
