source,case,CHM,window_length,window_start,window_end,n,d_mean,d_std,d_p05,d_p95,d_min,d_max,basis
continuation,CHM_0p17704,0.17703704,10000,270000,280000,10000,57.427652,1.530545,55.357461,59.798687,55.218495,59.997671,fixed elapsed-time window ending at the run analysis cutoff
continuation,CHM_0p17704,0.17703704,20000,260000,280000,20000,57.522711,1.543449,55.494415,59.902920,55.218495,60.244109,fixed elapsed-time window ending at the run analysis cutoff
continuation,CHM_0p17704,0.17703704,40000,240000,280000,40000,57.479278,1.549102,55.473883,59.862803,55.218495,60.268602,fixed elapsed-time window ending at the run analysis cutoff
continuation,CHM_0p17704,0.17703704,50000,230000,280000,50000,57.503818,1.548296,55.510848,59.885428,55.218495,60.268602,fixed elapsed-time window ending at the run analysis cutoff
continuation,CHM_0p17704,0.17703704,79999,200001,280000,79999,57.444217,1.579464,55.416098,59.887573,53.961645,60.531373,fixed elapsed-time window ending at the run analysis cutoff
continuation,CHM_0p1772,0.17720000,10000,270000,280000,10000,65.461051,1.393970,62.964552,67.623321,62.057474,68.932649,fixed elapsed-time window ending at the run analysis cutoff
continuation,CHM_0p1772,0.17720000,20000,260000,280000,20000,62.340034,3.502848,56.859663,67.136855,56.299788,68.932649,fixed elapsed-time window ending at the run analysis cutoff
continuation,CHM_0p1772,0.17720000,40000,240000,280000,40000,60.013702,3.534370,56.053221,66.631983,55.807409,68.932649,fixed elapsed-time window ending at the run analysis cutoff
continuation,CHM_0p1772,0.17720000,50000,230000,280000,50000,59.503056,3.393164,55.927096,66.439018,55.218721,68.932649,fixed elapsed-time window ending at the run analysis cutoff
continuation,CHM_0p1772,0.17720000,79999,200001,280000,79999,58.685197,3.049392,55.456901,65.945687,53.961675,68.932649,fixed elapsed-time window ending at the run analysis cutoff
continuation,CHM_0p17741,0.17740741,10000,270000,280000,10000,64.409960,2.099463,60.637826,67.461463,59.443709,68.051960,fixed elapsed-time window ending at the run analysis cutoff
continuation,CHM_0p17741,0.17740741,20000,260000,280000,20000,61.189183,3.676649,56.082056,67.015115,55.786300,68.051960,fixed elapsed-time window ending at the run analysis cutoff
continuation,CHM_0p17741,0.17740741,40000,240000,280000,40000,59.367132,3.339501,55.805635,66.274149,55.431155,68.051960,fixed elapsed-time window ending at the run analysis cutoff
continuation,CHM_0p17741,0.17740741,50000,230000,280000,50000,58.963150,3.170764,55.611126,65.987504,55.336006,68.051960,fixed elapsed-time window ending at the run analysis cutoff
continuation,CHM_0p17741,0.17740741,79999,200001,280000,79999,58.349505,2.810390,55.472625,65.391179,53.961710,68.051960,fixed elapsed-time window ending at the run analysis cutoff
continuation,CHM_0p1775,0.17750000,10000,270000,280000,10000,58.789390,2.262135,55.416026,62.752086,54.966054,64.298715,fixed elapsed-time window ending at the run analysis cutoff
continuation,CHM_0p1775,0.17750000,20000,260000,280000,20000,58.136734,1.961112,55.443196,62.071627,54.953914,64.298715,fixed elapsed-time window ending at the run analysis cutoff
continuation,CHM_0p1775,0.17750000,40000,240000,280000,40000,57.816850,1.768406,55.525707,60.964461,54.953914,64.298715,fixed elapsed-time window ending at the run analysis cutoff
continuation,CHM_0p1775,0.17750000,50000,230000,280000,50000,57.744836,1.737707,55.485887,60.438726,54.953914,64.298715,fixed elapsed-time window ending at the run analysis cutoff
continuation,CHM_0p1775,0.17750000,79999,200001,280000,79999,57.616372,1.706476,55.396670,60.114119,53.961728,64.298715,fixed elapsed-time window ending at the run analysis cutoff
continuation,CHM_0p1776,0.17760000,10000,270000,280000,10000,58.865581,1.583475,56.562437,61.671940,56.277030,63.022018,fixed elapsed-time window ending at the run analysis cutoff
continuation,CHM_0p1776,0.17760000,20000,260000,280000,20000,58.226188,1.544259,56.165099,61.162580,55.775217,63.022018,fixed elapsed-time window ending at the run analysis cutoff
continuation,CHM_0p1776,0.17760000,40000,240000,280000,40000,57.900168,1.555457,55.767634,60.270010,55.090194,63.022018,fixed elapsed-time window ending at the run analysis cutoff
continuation,CHM_0p1776,0.17760000,50000,230000,280000,50000,57.780879,1.581490,55.556287,60.169931,54.753257,63.022018,fixed elapsed-time window ending at the run analysis cutoff
continuation,CHM_0p1776,0.17760000,79999,200001,280000,79999,57.640195,1.608762,55.374461,60.074518,53.961744,63.022018,fixed elapsed-time window ending at the run analysis cutoff
continuation,CHM_0p1777,0.17770000,10000,270000,280000,10000,57.526566,1.332301,55.868126,59.510001,55.725407,59.940006,fixed elapsed-time window ending at the run analysis cutoff
continuation,CHM_0p1777,0.17770000,20000,260000,280000,20000,57.597985,1.420000,55.820502,59.818965,55.618567,60.209713,fixed elapsed-time window ending at the run analysis cutoff
continuation,CHM_0p1777,0.17770000,40000,240000,280000,40000,57.560546,1.486808,55.675147,59.858212,55.420616,60.209713,fixed elapsed-time window ending at the run analysis cutoff
continuation,CHM_0p1777,0.17770000,50000,230000,280000,50000,57.532737,1.507162,55.598991,59.872037,55.019900,60.340722,fixed elapsed-time window ending at the run analysis cutoff
continuation,CHM_0p1777,0.17770000,79999,200001,280000,79999,57.485718,1.555109,55.459042,59.919076,53.961764,60.528059,fixed elapsed-time window ending at the run analysis cutoff
continuation,CHM_0p17778,0.17777778,10000,270000,280000,10000,59.024745,2.446384,54.884827,62.951002,53.437659,64.187120,fixed elapsed-time window ending at the run analysis cutoff
continuation,CHM_0p17778,0.17777778,20000,260000,280000,20000,59.932887,3.966034,53.661258,66.047024,52.291636,66.609812,fixed elapsed-time window ending at the run analysis cutoff
continuation,CHM_0p17778,0.17777778,40000,240000,280000,40000,59.892877,3.343963,54.693065,65.612886,52.291636,66.609812,fixed elapsed-time window ending at the run analysis cutoff
continuation,CHM_0p17778,0.17777778,50000,230000,280000,50000,59.413547,3.213284,55.120606,65.458082,52.291636,66.609812,fixed elapsed-time window ending at the run analysis cutoff
continuation,CHM_0p17778,0.17777778,79999,200001,280000,79999,58.662623,2.895099,55.139144,64.968274,52.291636,66.609812,fixed elapsed-time window ending at the run analysis cutoff
continuation,CHM_0p17889,0.17888889,10000,270000,280000,10000,68.548558,1.763425,66.043849,71.320188,65.593606,71.954073,fixed elapsed-time window ending at the run analysis cutoff
continuation,CHM_0p17889,0.17888889,20000,260000,280000,20000,65.662597,3.609437,59.218828,70.917770,57.676169,71.954073,fixed elapsed-time window ending at the run analysis cutoff
continuation,CHM_0p17889,0.17888889,40000,240000,280000,40000,61.737033,4.757643,56.388275,70.285164,55.987765,71.954073,fixed elapsed-time window ending at the run analysis cutoff
continuation,CHM_0p17889,0.17888889,50000,230000,280000,50000,60.892761,4.627787,56.058658,70.092444,55.270944,71.954073,fixed elapsed-time window ending at the run analysis cutoff
continuation,CHM_0p17889,0.17888889,79999,200001,280000,79999,59.598338,4.143125,55.602596,69.338577,53.961981,71.954073,fixed elapsed-time window ending at the run analysis cutoff
baseline,CHM_018,0.18000000,10000,190000,200000,10000,54.002123,1.779987,51.851478,57.605782,51.627547,59.871861,fixed elapsed-time window ending at the run analysis cutoff
baseline,CHM_018,0.18000000,20000,180000,200000,20000,60.611430,7.767859,51.989943,74.652862,51.627547,78.137396,fixed elapsed-time window ending at the run analysis cutoff
baseline,CHM_018,0.18000000,40000,160000,200000,40000,73.993704,14.828279,52.304653,92.118113,51.627547,93.161580,fixed elapsed-time window ending at the run analysis cutoff
baseline,CHM_018,0.18000000,50000,150000,200000,50000,76.133271,14.036841,52.530830,91.872285,51.627547,93.161580,fixed elapsed-time window ending at the run analysis cutoff
baseline,CHM_018,0.18000000,100000,100000,200000,100000,72.824607,13.980406,52.475880,91.530379,51.627547,93.505991,fixed elapsed-time window ending at the run analysis cutoff
baseline,CHM_018,0.18000000,200000,0,200000,200000,68.011187,13.920813,51.675636,90.993942,49.017001,93.508862,fixed elapsed-time window ending at the run analysis cutoff
supplement,CHM_0p181,0.18100000,10000,230000,240000,10000,89.428500,2.553301,84.769794,93.200967,83.249079,93.823473,fixed elapsed-time window ending at the run analysis cutoff
supplement,CHM_0p181,0.18100000,20000,220000,240000,20000,89.818317,2.382484,85.433727,93.300973,83.249079,93.841522,fixed elapsed-time window ending at the run analysis cutoff
supplement,CHM_0p181,0.18100000,39999,200001,240000,39999,79.573619,12.526188,56.355534,92.785436,53.880839,93.841522,fixed elapsed-time window ending at the run analysis cutoff
supplement,CHM_0p1825,0.18250000,10000,230000,240000,10000,89.873053,2.534769,85.220707,93.579914,83.700549,94.191141,fixed elapsed-time window ending at the run analysis cutoff
supplement,CHM_0p1825,0.18250000,20000,220000,240000,20000,90.216964,2.366314,85.851142,93.666090,83.700549,94.200430,fixed elapsed-time window ending at the run analysis cutoff
supplement,CHM_0p1825,0.18250000,39999,200001,240000,39999,79.870054,12.655631,56.392677,93.164816,53.881037,94.200430,fixed elapsed-time window ending at the run analysis cutoff
supplement,CHM_0p185,0.18500000,10000,230000,240000,10000,90.908388,2.495753,86.322015,94.575867,84.806926,95.144748,fixed elapsed-time window ending at the run analysis cutoff
supplement,CHM_0p185,0.18500000,20000,220000,240000,20000,91.149134,2.369030,86.779344,94.611106,84.806926,95.147052,fixed elapsed-time window ending at the run analysis cutoff
supplement,CHM_0p185,0.18500000,39999,200001,240000,39999,80.447020,13.019220,56.427166,94.104369,53.881360,95.147052,fixed elapsed-time window ending at the run analysis cutoff
supplement,CHM_0p1875,0.18750000,10000,230000,240000,10000,91.432622,2.627610,86.605975,95.248232,85.092778,95.846199,fixed elapsed-time window ending at the run analysis cutoff
supplement,CHM_0p1875,0.18750000,20000,220000,240000,20000,91.742637,2.467001,87.202120,95.310013,85.092778,95.855285,fixed elapsed-time window ending at the run analysis cutoff
supplement,CHM_0p1875,0.18750000,39999,200001,240000,39999,80.872163,13.237888,56.467146,94.784129,53.881716,95.855285,fixed elapsed-time window ending at the run analysis cutoff
supplement,CHM_0p19,0.19000000,10000,230000,240000,10000,92.316216,2.666163,87.428361,96.168837,85.920506,96.793842,fixed elapsed-time window ending at the run analysis cutoff
supplement,CHM_0p19,0.19000000,20000,220000,240000,20000,92.623205,2.513550,87.995051,96.238457,85.920506,96.800069,fixed elapsed-time window ending at the run analysis cutoff
supplement,CHM_0p19,0.19000000,39999,200001,240000,39999,81.438142,13.585224,56.501029,95.706540,53.882061,96.800069,fixed elapsed-time window ending at the run analysis cutoff
supplement,CHM_0p195,0.19500000,10000,230000,240000,10000,93.809398,2.593979,89.054499,97.538372,87.533513,98.092157,fixed elapsed-time window ending at the run analysis cutoff
supplement,CHM_0p195,0.19500000,20000,220000,240000,20000,93.976214,2.494771,89.355365,97.542808,87.533513,98.092755,fixed elapsed-time window ending at the run analysis cutoff
supplement,CHM_0p195,0.19500000,39999,200001,240000,39999,82.373467,14.043963,56.620414,97.026987,53.882751,98.092755,fixed elapsed-time window ending at the run analysis cutoff
baseline,CHM_020,0.20000000,10000,190000,200000,10000,90.147854,5.761476,80.468862,98.178391,79.034167,99.013934,fixed elapsed-time window ending at the run analysis cutoff
baseline,CHM_020,0.20000000,20000,180000,200000,20000,78.284215,13.537731,56.738183,97.508994,54.755164,99.013934,fixed elapsed-time window ending at the run analysis cutoff
baseline,CHM_020,0.20000000,40000,160000,200000,40000,69.940603,15.020520,48.210026,96.115464,45.084032,99.013934,fixed elapsed-time window ending at the run analysis cutoff
baseline,CHM_020,0.20000000,50000,150000,200000,50000,74.644021,16.542585,49.172349,98.290077,45.084032,100.846210,fixed elapsed-time window ending at the run analysis cutoff
baseline,CHM_020,0.20000000,100000,100000,200000,100000,74.280560,18.538380,48.830179,101.612199,45.084032,102.550838,fixed elapsed-time window ending at the run analysis cutoff
baseline,CHM_020,0.20000000,200000,0,200000,200000,67.393378,15.708737,49.335056,100.030603,45.084032,102.550838,fixed elapsed-time window ending at the run analysis cutoff
supplement,CHM_0p205,0.20500000,10000,230000,240000,10000,96.539833,2.671345,91.666107,100.366854,90.055162,100.959847,fixed elapsed-time window ending at the run analysis cutoff
supplement,CHM_0p205,0.20500000,20000,220000,240000,20000,96.681984,2.609638,91.877988,100.381512,90.055162,100.959847,fixed elapsed-time window ending at the run analysis cutoff
supplement,CHM_0p205,0.20500000,39999,200001,240000,39999,84.326480,14.932618,56.917963,99.837353,53.884187,100.959847,fixed elapsed-time window ending at the run analysis cutoff
supplement,CHM_0p215,0.21500000,10000,230000,240000,10000,99.352984,2.698346,94.385831,103.136254,92.733729,103.677382,fixed elapsed-time window ending at the run analysis cutoff
supplement,CHM_0p215,0.21500000,20000,220000,240000,20000,99.350435,2.691158,94.382975,103.100492,92.733729,103.677382,fixed elapsed-time window ending at the run analysis cutoff
supplement,CHM_0p215,0.21500000,39999,200001,240000,39999,86.224373,15.819734,57.222701,102.564173,53.885667,103.677382,fixed elapsed-time window ending at the run analysis cutoff
supplement,CHM_0p22,0.22000000,10000,230000,240000,10000,100.812199,2.924779,95.474573,104.837217,93.763227,105.419963,fixed elapsed-time window ending at the run analysis cutoff
supplement,CHM_0p22,0.22000000,20000,220000,240000,20000,100.883308,2.853384,95.641286,104.814682,93.763227,105.419963,fixed elapsed-time window ending at the run analysis cutoff
supplement,CHM_0p22,0.22000000,39999,200001,240000,39999,87.346407,16.308150,57.457691,104.266000,53.886428,105.419963,fixed elapsed-time window ending at the run analysis cutoff
baseline,CHM_023,0.23000000,10000,190000,200000,10000,52.352685,3.557274,45.790556,56.599161,43.887947,57.260677,fixed elapsed-time window ending at the run analysis cutoff
baseline,CHM_023,0.23000000,20000,180000,200000,20000,51.946552,3.309235,45.747028,56.220836,43.837178,57.260677,fixed elapsed-time window ending at the run analysis cutoff
baseline,CHM_023,0.23000000,40000,160000,200000,40000,50.991414,2.843681,46.188861,55.627512,43.837178,57.260677,fixed elapsed-time window ending at the run analysis cutoff
baseline,CHM_023,0.23000000,50000,150000,200000,50000,50.649635,2.671028,46.391199,55.520754,43.837178,57.260677,fixed elapsed-time window ending at the run analysis cutoff
baseline,CHM_023,0.23000000,100000,100000,200000,100000,58.127512,9.815893,47.122533,76.929315,43.837178,80.143283,fixed elapsed-time window ending at the run analysis cutoff
baseline,CHM_023,0.23000000,200000,0,200000,200000,62.104451,10.130732,48.244643,76.943758,43.837178,80.143283,fixed elapsed-time window ending at the run analysis cutoff
supplement,CHM_0p24,0.24000000,10000,230000,240000,10000,107.226453,3.081152,101.532797,111.371074,99.634812,111.942605,fixed elapsed-time window ending at the run analysis cutoff
supplement,CHM_0p24,0.24000000,20000,220000,240000,20000,107.169510,3.124364,101.368487,111.342697,99.537465,111.942605,fixed elapsed-time window ending at the run analysis cutoff
supplement,CHM_0p24,0.24000000,39999,200001,240000,39999,91.781799,18.401950,58.234613,110.788680,53.889591,111.942605,fixed elapsed-time window ending at the run analysis cutoff
baseline,CHM_025,0.25000000,10000,190000,200000,10000,52.759282,3.397752,47.433257,58.102991,46.727468,58.937187,fixed elapsed-time window ending at the run analysis cutoff
baseline,CHM_025,0.25000000,20000,180000,200000,20000,54.653076,3.169964,48.245396,58.359659,46.727468,58.937187,fixed elapsed-time window ending at the run analysis cutoff
baseline,CHM_025,0.25000000,40000,160000,200000,40000,67.905038,26.274315,48.593605,133.567990,46.220790,151.258132,fixed elapsed-time window ending at the run analysis cutoff
baseline,CHM_025,0.25000000,50000,150000,200000,50000,91.426532,53.241030,48.947316,202.119202,46.220790,215.143668,fixed elapsed-time window ending at the run analysis cutoff
baseline,CHM_025,0.25000000,100000,100000,200000,100000,117.765736,67.492441,50.707244,228.090619,46.220790,230.942944,fixed elapsed-time window ending at the run analysis cutoff
baseline,CHM_025,0.25000000,200000,0,200000,200000,92.359915,54.317615,51.079932,222.882209,46.220790,230.942944,fixed elapsed-time window ending at the run analysis cutoff
supplement,CHM_0p26,0.26000000,10000,230000,240000,10000,113.015443,3.609443,106.326660,117.719841,104.284340,118.450176,fixed elapsed-time window ending at the run analysis cutoff
supplement,CHM_0p26,0.26000000,20000,220000,240000,20000,113.257827,3.527183,106.699657,117.812398,104.284340,118.450847,fixed elapsed-time window ending at the run analysis cutoff
supplement,CHM_0p26,0.26000000,39999,200001,240000,39999,96.216223,20.439528,58.986454,117.246280,53.892940,118.450847,fixed elapsed-time window ending at the run analysis cutoff
baseline,CHM_028,0.28000000,10000,190000,200000,10000,97.274975,8.791742,82.963966,106.113664,80.992931,106.612034,fixed elapsed-time window ending at the run analysis cutoff
baseline,CHM_028,0.28000000,20000,180000,200000,20000,86.288186,13.103418,66.774181,105.927797,63.426551,106.612034,fixed elapsed-time window ending at the run analysis cutoff
baseline,CHM_028,0.28000000,40000,160000,200000,40000,70.787676,18.286168,49.282624,105.644941,48.243017,106.612034,fixed elapsed-time window ending at the run analysis cutoff
baseline,CHM_028,0.28000000,50000,150000,200000,50000,68.162278,17.184481,49.559557,105.471149,48.243017,106.612034,fixed elapsed-time window ending at the run analysis cutoff
baseline,CHM_028,0.28000000,100000,100000,200000,100000,59.612607,14.918354,48.920020,100.948145,48.243017,106.612034,fixed elapsed-time window ending at the run analysis cutoff
baseline,CHM_028,0.28000000,200000,0,200000,200000,68.674492,25.168897,48.921084,125.841414,47.140324,130.071564,fixed elapsed-time window ending at the run analysis cutoff
supplement,CHM_0p29,0.29000000,10000,230000,240000,10000,121.391934,4.539029,113.079487,127.172824,110.810749,128.062012,fixed elapsed-time window ending at the run analysis cutoff
supplement,CHM_0p29,0.29000000,20000,220000,240000,20000,122.305337,4.233951,114.337129,127.508668,110.810749,128.154662,fixed elapsed-time window ending at the run analysis cutoff
supplement,CHM_0p29,0.29000000,39999,200001,240000,39999,102.832855,23.574033,59.989660,126.939184,53.898631,128.154662,fixed elapsed-time window ending at the run analysis cutoff
baseline,CHM_030,0.30000000,10000,190000,200000,10000,68.800083,10.148960,55.845409,86.395489,54.826272,88.923700,fixed elapsed-time window ending at the run analysis cutoff
baseline,CHM_030,0.30000000,20000,180000,200000,20000,88.809154,22.613822,56.524099,123.152784,54.826272,126.118745,fixed elapsed-time window ending at the run analysis cutoff
baseline,CHM_030,0.30000000,40000,160000,200000,40000,109.560489,26.560624,58.250957,136.348149,54.826272,136.832810,fixed elapsed-time window ending at the run analysis cutoff
baseline,CHM_030,0.30000000,50000,150000,200000,50000,106.182973,25.311096,59.356442,136.219331,54.826272,136.832810,fixed elapsed-time window ending at the run analysis cutoff
baseline,CHM_030,0.30000000,100000,100000,200000,100000,100.103361,29.750733,54.738880,135.914245,53.148591,136.832810,fixed elapsed-time window ending at the run analysis cutoff
baseline,CHM_030,0.30000000,200000,0,200000,200000,93.650400,30.765423,52.550800,135.776720,47.008398,136.975423,fixed elapsed-time window ending at the run analysis cutoff
