branch,case,CHM,seed_case,seed_tu,target_tu,latest_snapshot_tu,post_seed_rows,d_mean,d_std,d_amp90,bound_fraction,run_status,gpu,path
critical-complete,CHM_0p17704,0.17703704,CHM_015,200000,280000,280000,80000,57.522711,1.543449,4.408505,0.978100,complete_to_280000,0,/media/xb/F963E8A1EEEE8BFC/liyang/li-gpu/BOTTOM FEEDBACK/phi_feedback/changeU/experiment2_pair_attractor/bifurcation_refine/continuation_runs/CHM_0p17704
critical-complete,CHM_0p17741,0.17740741,CHM_015,200000,280000,280000,80000,61.189183,3.676649,10.933059,0.477350,complete_to_280000,1,/media/xb/F963E8A1EEEE8BFC/liyang/li-gpu/BOTTOM FEEDBACK/phi_feedback/changeU/experiment2_pair_attractor/bifurcation_refine/continuation_runs/CHM_0p17741
critical-dense,CHM_0p1772,0.17720000,CHM_015,200000,280000,280000,80000,62.340034,3.502848,10.277192,0.341550,complete_to_280000,0,/media/xb/F963E8A1EEEE8BFC/liyang/li-gpu/BOTTOM FEEDBACK/phi_feedback/changeU/experiment2_pair_attractor/bifurcation_refine/continuation_runs/CHM_0p1772
post-0.18,CHM_0p181,0.18100000,CHM_018,200000,240000,240000,40000,89.428500,2.553301,8.431173,0.000000,complete_to_240000,1,/media/xb/F963E8A1EEEE8BFC/liyang/li-gpu/BOTTOM FEEDBACK/phi_feedback/changeU/experiment2_pair_attractor/bifurcation_refine/supplement_runs/CHM_0p181
critical-dense,CHM_0p1775,0.17750000,CHM_015,200000,280000,280000,80000,58.136734,1.961112,6.628431,0.852600,complete_to_280000,0,/media/xb/F963E8A1EEEE8BFC/liyang/li-gpu/BOTTOM FEEDBACK/phi_feedback/changeU/experiment2_pair_attractor/bifurcation_refine/continuation_runs/CHM_0p1775
post-0.18,CHM_0p1825,0.18250000,CHM_018,200000,240000,240000,40000,89.873053,2.534769,8.359207,0.000000,complete_to_240000,1,/media/xb/F963E8A1EEEE8BFC/liyang/li-gpu/BOTTOM FEEDBACK/phi_feedback/changeU/experiment2_pair_attractor/bifurcation_refine/supplement_runs/CHM_0p1825
critical-dense,CHM_0p1776,0.17760000,CHM_015,200000,280000,280000,80000,58.226188,1.544259,4.997481,0.882250,complete_to_280000,0,/media/xb/F963E8A1EEEE8BFC/liyang/li-gpu/BOTTOM FEEDBACK/phi_feedback/changeU/experiment2_pair_attractor/bifurcation_refine/continuation_runs/CHM_0p1776
post-0.18,CHM_0p185,0.18500000,CHM_018,200000,240000,240000,40000,90.908388,2.495753,8.253852,0.000000,complete_to_240000,1,/media/xb/F963E8A1EEEE8BFC/liyang/li-gpu/BOTTOM FEEDBACK/phi_feedback/changeU/experiment2_pair_attractor/bifurcation_refine/supplement_runs/CHM_0p185
critical-dense,CHM_0p1777,0.17770000,CHM_015,200000,280000,280000,80000,57.597985,1.420000,3.998463,0.984800,complete_to_280000,0,/media/xb/F963E8A1EEEE8BFC/liyang/li-gpu/BOTTOM FEEDBACK/phi_feedback/changeU/experiment2_pair_attractor/bifurcation_refine/continuation_runs/CHM_0p1777
post-0.18,CHM_0p1875,0.18750000,CHM_018,200000,240000,240000,40000,91.432622,2.627610,8.642257,0.000000,complete_to_240000,1,/media/xb/F963E8A1EEEE8BFC/liyang/li-gpu/BOTTOM FEEDBACK/phi_feedback/changeU/experiment2_pair_attractor/bifurcation_refine/supplement_runs/CHM_0p1875
post-0.18,CHM_0p19,0.19000000,CHM_018,200000,240000,240000,40000,92.316216,2.666163,8.740477,0.000000,complete_to_240000,0,/media/xb/F963E8A1EEEE8BFC/liyang/li-gpu/BOTTOM FEEDBACK/phi_feedback/changeU/experiment2_pair_attractor/bifurcation_refine/supplement_runs/CHM_0p19
post-0.18,CHM_0p195,0.19500000,CHM_018,200000,240000,240000,40000,93.809398,2.593979,8.483873,0.000000,complete_to_240000,1,/media/xb/F963E8A1EEEE8BFC/liyang/li-gpu/BOTTOM FEEDBACK/phi_feedback/changeU/experiment2_pair_attractor/bifurcation_refine/supplement_runs/CHM_0p195
post-0.18,CHM_0p205,0.20500000,CHM_018,200000,240000,240000,40000,96.539833,2.671345,8.700747,0.000000,complete_to_240000,0,/media/xb/F963E8A1EEEE8BFC/liyang/li-gpu/BOTTOM FEEDBACK/phi_feedback/changeU/experiment2_pair_attractor/bifurcation_refine/supplement_runs/CHM_0p205
post-0.18,CHM_0p215,0.21500000,CHM_018,200000,240000,240000,40000,99.352984,2.698346,8.750423,0.000000,complete_to_240000,1,/media/xb/F963E8A1EEEE8BFC/liyang/li-gpu/BOTTOM FEEDBACK/phi_feedback/changeU/experiment2_pair_attractor/bifurcation_refine/supplement_runs/CHM_0p215
post-0.18,CHM_0p22,0.22000000,CHM_018,200000,240000,240000,40000,100.812199,2.924779,9.362644,0.000000,complete_to_240000,0,/media/xb/F963E8A1EEEE8BFC/liyang/li-gpu/BOTTOM FEEDBACK/phi_feedback/changeU/experiment2_pair_attractor/bifurcation_refine/supplement_runs/CHM_0p22
post-0.18,CHM_0p24,0.24000000,CHM_018,200000,240000,240000,40000,107.226453,3.081152,9.838277,0.000000,complete_to_240000,1,/media/xb/F963E8A1EEEE8BFC/liyang/li-gpu/BOTTOM FEEDBACK/phi_feedback/changeU/experiment2_pair_attractor/bifurcation_refine/supplement_runs/CHM_0p24
post-0.18,CHM_0p26,0.26000000,CHM_018,200000,240000,240000,40000,113.015443,3.609443,11.393180,0.000000,complete_to_240000,0,/media/xb/F963E8A1EEEE8BFC/liyang/li-gpu/BOTTOM FEEDBACK/phi_feedback/changeU/experiment2_pair_attractor/bifurcation_refine/supplement_runs/CHM_0p26
post-0.18,CHM_0p29,0.29000000,CHM_018,200000,240000,240000,40000,121.391934,4.539029,14.093337,0.000000,complete_to_240000,1,/media/xb/F963E8A1EEEE8BFC/liyang/li-gpu/BOTTOM FEEDBACK/phi_feedback/changeU/experiment2_pair_attractor/bifurcation_refine/supplement_runs/CHM_0p29
